mean_brightness,contrast_std,min,max,median,p10,p90,dark_ratio,bright_ratio,entropy,edge_count,edge_density,label
122.26398,33.07075,27.0,247.0,121.0,80.0,166.0,0.01715087890625,0.01446533203125,7.0713285166387,256,0.015625,1
131.56519,25.482183,13.0,252.0,133.0,99.0,161.0,0.00750732421875,0.00445556640625,6.685302894263382,202,0.0123291015625,1
121.076355,31.13049,4.0,237.0,120.0,83.0,162.0,0.02734375,0.010498046875,6.953999978181809,464,0.0283203125,1
130.30914,27.282677,8.0,251.0,131.0,95.0,163.0,0.00604248046875,0.006591796875,6.80019649196537,422,0.0257568359375,1
130.99329,27.639563,20.0,252.0,132.0,96.0,164.0,0.0086669921875,0.00775146484375,6.813563506533824,523,0.03192138671875,1
136.0409,28.338285,1.0,252.0,138.0,101.0,168.0,0.01312255859375,0.00982666015625,6.810476098517172,388,0.023681640625,1
129.52905,24.37468,17.0,251.0,132.0,98.0,156.0,0.00555419921875,0.0064697265625,6.58300190746454,187,0.01141357421875,1
123.30481,23.995655,11.0,251.0,125.0,93.0,150.0,0.00860595703125,0.00616455078125,6.549741414280419,156,0.009521484375,1
125.02246,22.259901,18.0,249.0,127.0,97.0,150.0,0.00634765625,0.00421142578125,6.442277813174464,67,0.00408935546875,1
128.88342,30.737259,11.0,251.0,131.0,88.0,165.0,0.02032470703125,0.00714111328125,6.951792614275265,266,0.0162353515625,1
125.10388,26.79512,18.0,251.0,126.0,91.0,158.0,0.0128173828125,0.00396728515625,6.758549442257197,141,0.00860595703125,1
125.27789,24.893267,11.0,250.0,126.0,94.0,155.0,0.0101318359375,0.0028076171875,6.64325044751353,30,0.0018310546875,1
126.513916,24.696886,27.0,247.0,128.0,94.0,155.0,0.0072021484375,0.00360107421875,6.636563280347364,149,0.00909423828125,1
122.79596,27.450102,9.0,252.0,123.0,89.0,156.0,0.01580810546875,0.00543212890625,6.793520925935233,274,0.0167236328125,1
120.26453,23.285074,17.0,249.0,119.0,92.0,149.0,0.0032958984375,0.00341796875,6.549680777314473,106,0.0064697265625,1
129.2561,27.408243,19.0,249.0,130.0,93.0,163.0,0.00811767578125,0.00408935546875,6.801923991869586,311,0.01898193359375,1
130.12177,29.300121,7.0,252.0,132.0,92.0,164.0,0.01739501953125,0.00604248046875,6.8796677083552735,270,0.0164794921875,1
123.40814,25.35808,25.0,252.0,123.0,93.0,153.0,0.00567626953125,0.00823974609375,6.652830288953544,86,0.0052490234375,1
126.1427,25.068512,26.0,248.0,126.0,95.0,157.0,0.0069580078125,0.0030517578125,6.67273923068759,121,0.00738525390625,1
124.78314,24.50246,17.0,249.0,125.0,95.0,155.0,0.00677490234375,0.00262451171875,6.637908441184255,107,0.00653076171875,1
128.03339,24.326645,19.0,247.0,129.0,97.0,157.0,0.0048828125,0.0020751953125,6.6290680877928025,63,0.00384521484375,1
129.48096,21.111378,8.0,233.0,132.0,102.0,153.0,0.004638671875,0.001953125,6.385645490783038,49,0.00299072265625,1
130.8656,19.028294,22.0,245.0,133.0,107.0,152.0,0.00250244140625,0.00128173828125,6.211155508405008,10,0.0006103515625,1
125.54675,21.449059,14.0,249.0,127.0,99.0,148.0,0.0054931640625,0.00616455078125,6.363311103363996,46,0.0028076171875,1
126.30493,18.51234,38.0,249.0,126.0,104.0,148.0,0.00079345703125,0.002197265625,6.212410919413692,55,0.00335693359375,1
115.20892,19.822235,35.0,249.0,115.0,91.0,139.0,0.00262451171875,0.00213623046875,6.316491595217932,46,0.0028076171875,1
113.007324,18.738869,15.0,247.0,113.0,90.0,135.0,0.00469970703125,0.001220703125,6.2282876231574065,48,0.0029296875,1
116.246155,20.33233,32.0,248.0,117.0,90.0,141.0,0.00323486328125,0.00177001953125,6.356709410595453,42,0.0025634765625,1
116.208435,21.02531,2.0,251.0,116.0,92.0,139.0,0.00885009765625,0.00372314453125,6.334303988298675,166,0.0101318359375,1
111.67743,19.989899,14.0,253.0,111.0,89.0,135.0,0.0072021484375,0.00311279296875,6.282445812279969,70,0.0042724609375,1
118.091125,22.111012,35.0,244.0,118.0,91.0,144.0,0.00677490234375,0.001708984375,6.474804137616811,121,0.00738525390625,1
119.276184,26.721655,8.0,245.0,120.0,85.0,152.0,0.0155029296875,0.00335693359375,6.76707812123365,364,0.022216796875,1
119.85541,27.677872,18.0,243.0,121.0,83.0,154.0,0.0157470703125,0.00250244140625,6.824410565458564,333,0.02032470703125,1
119.81128,24.184534,12.0,249.0,120.0,89.0,149.0,0.010498046875,0.00201416015625,6.6164582601342605,178,0.0108642578125,1
124.05737,25.180077,21.0,249.0,125.0,91.0,155.0,0.00823974609375,0.0015869140625,6.685924862369741,87,0.00531005859375,1
110.385376,39.3058,10.0,251.0,110.0,58.0,163.0,0.10784912109375,0.0054931640625,7.280299844310031,2227,0.13592529296875,1
117.60309,26.076134,11.0,248.0,117.0,86.0,149.0,0.017333984375,0.00457763671875,6.71996034300402,214,0.0130615234375,1
125.020874,31.067566,5.0,254.0,125.0,86.0,162.0,0.0205078125,0.01055908203125,6.981247722525666,463,0.02825927734375,1
132.68573,33.436737,4.0,251.0,137.0,86.0,170.0,0.03350830078125,0.01336669921875,7.019669159641946,733,0.04473876953125,1
126.59552,30.878002,3.0,248.0,128.0,87.0,163.0,0.02630615234375,0.009033203125,6.96204517227399,425,0.02593994140625,1
122.77075,36.365932,2.0,253.0,125.0,75.0,165.0,0.0455322265625,0.01904296875,7.1982008208098165,1232,0.0751953125,1
113.3114,28.569748,7.0,253.0,113.0,79.0,146.0,0.03082275390625,0.00787353515625,6.822385675038306,450,0.0274658203125,1
117.50574,30.586325,10.0,247.0,116.0,80.0,157.0,0.0260009765625,0.00616455078125,6.96593066785827,432,0.0263671875,1
114.60956,30.483747,10.0,250.0,112.0,79.0,154.0,0.023193359375,0.008544921875,6.935765023681132,390,0.0238037109375,1
126.08325,34.034367,2.0,254.0,127.0,83.0,168.0,0.03253173828125,0.0146484375,7.111246620700818,861,0.05255126953125,1
118.66431,34.40079,4.0,251.0,117.0,77.0,163.0,0.035888671875,0.015625,7.1238998100796,757,0.04620361328125,1
122.735535,29.759357,6.0,251.0,122.0,87.0,160.0,0.0172119140625,0.01019287109375,6.918395839959335,214,0.0130615234375,1
126.11987,35.84667,1.0,249.0,126.0,81.0,172.0,0.03131103515625,0.0224609375,7.19791118659324,702,0.0428466796875,1
124.947205,33.697563,1.0,255.0,125.0,83.0,167.0,0.026611328125,0.01483154296875,7.106261822131304,696,0.04248046875,1
136.68921,32.362858,2.0,254.0,137.0,100.0,175.0,0.017822265625,0.0272216796875,7.003587194733931,736,0.044921875,1
131.89478,31.69132,1.0,253.0,132.0,94.0,171.0,0.01849365234375,0.0205078125,6.994974265499202,1043,0.06365966796875,1
130.4737,29.123486,2.0,250.0,130.0,98.0,165.0,0.01861572265625,0.0145263671875,6.8427538055258825,701,0.04278564453125,1
136.73163,30.717554,17.0,254.0,136.0,100.0,175.0,0.01153564453125,0.02899169921875,6.945513345681513,1048,0.06396484375,1
130.05591,30.434685,4.0,252.0,129.0,95.0,167.0,0.0181884765625,0.02008056640625,6.913420982311986,641,0.03912353515625,1
128.0597,29.389948,4.0,250.0,127.0,94.0,165.0,0.01458740234375,0.014892578125,6.874289243828255,475,0.02899169921875,1
130.27368,30.518335,7.0,254.0,129.0,95.0,169.0,0.01605224609375,0.0162353515625,6.927903740898296,628,0.038330078125,1
131.06744,36.883793,2.0,253.0,129.0,87.0,180.0,0.02667236328125,0.0413818359375,7.222135301453532,1695,0.10345458984375,1
129.58765,38.208366,2.0,252.0,128.0,83.0,180.0,0.03021240234375,0.04156494140625,7.2810438074868165,2229,0.13604736328125,1
134.28796,32.45686,8.0,246.0,134.0,95.0,175.0,0.01788330078125,0.02447509765625,7.03994184039088,806,0.0491943359375,1
133.79315,29.26466,16.0,247.0,134.0,97.0,170.0,0.0093994140625,0.0135498046875,6.89780318650002,452,0.027587890625,1
132.8717,34.623547,4.0,253.0,132.0,91.0,177.0,0.02142333984375,0.02838134765625,7.1376332837226135,1000,0.06103515625,1
131.81982,36.055138,4.0,245.0,132.0,86.0,178.0,0.0302734375,0.0284423828125,7.200790529563369,1415,0.08636474609375,1
125.64752,29.918932,11.0,251.0,123.0,93.0,165.0,0.0150146484375,0.0152587890625,6.894173766549522,552,0.03369140625,1
126.17352,28.352938,13.0,254.0,123.0,95.0,164.0,0.0087890625,0.01177978515625,6.81761869207852,252,0.015380859375,1
132.57538,34.974407,1.0,253.0,132.0,90.0,178.0,0.023681640625,0.02618408203125,7.1527551596520205,1188,0.072509765625,1
138.54608,33.493835,2.0,252.0,139.0,98.0,180.0,0.01904296875,0.03057861328125,7.068977828373759,999,0.06097412109375,1
136.71594,35.05512,4.0,249.0,137.0,94.0,181.0,0.02374267578125,0.0330810546875,7.145404767664721,1422,0.0867919921875,1
140.6424,38.297398,1.0,255.0,141.0,96.0,188.0,0.0269775390625,0.0574951171875,7.249618881498259,3006,0.1834716796875,1
128.74152,32.44076,2.0,253.0,127.0,91.0,172.0,0.01531982421875,0.02447509765625,7.028836748401483,991,0.06048583984375,1
138.7663,35.85029,1.0,252.0,138.0,97.0,185.0,0.0216064453125,0.046142578125,7.159477153287932,1647,0.10052490234375,1
139.41943,34.663948,2.0,250.0,140.0,99.0,182.0,0.0263671875,0.03875732421875,7.094136209137806,1546,0.0943603515625,1
140.75739,34.62066,2.0,253.0,140.0,101.0,185.0,0.020751953125,0.0452880859375,7.100738858582794,1379,0.08416748046875,1
135.58905,37.590897,1.0,249.0,136.0,88.0,183.0,0.030029296875,0.0438232421875,7.24769181905642,1993,0.12164306640625,1
141.99408,40.18097,1.0,252.0,143.0,92.0,192.0,0.0350341796875,0.06927490234375,7.32456460015107,2756,0.168212890625,1
138.50745,33.9228,1.0,246.0,141.0,96.0,179.0,0.024658203125,0.0269775390625,7.076912606406101,1349,0.08233642578125,1
140.58331,35.275696,2.0,250.0,143.0,96.0,183.0,0.0284423828125,0.03521728515625,7.126161113446373,1365,0.08331298828125,1
139.77515,35.24705,1.0,253.0,142.0,97.0,181.0,0.02935791015625,0.0325927734375,7.118883740091818,1133,0.06915283203125,1
143.58606,34.93575,1.0,253.0,143.0,108.0,186.0,0.0257568359375,0.05059814453125,7.036255737682729,1543,0.09417724609375,1
140.62079,38.01376,0.0,253.0,143.0,96.0,186.0,0.0396728515625,0.04736328125,7.176297430927306,2025,0.12359619140625,1
131.83496,31.515995,1.0,252.0,130.0,97.0,171.0,0.01824951171875,0.0238037109375,6.958412310609851,1021,0.06231689453125,1
123.680725,32.62825,1.0,249.0,120.0,87.0,168.0,0.01837158203125,0.02191162109375,7.012184913722205,885,0.05401611328125,1
123.0448,31.69971,2.0,251.0,119.0,89.0,166.0,0.01708984375,0.016845703125,6.963777361834912,796,0.048583984375,1
145.80212,35.866566,1.0,253.0,145.0,109.0,190.0,0.02545166015625,0.06024169921875,7.08596686494769,1142,0.0697021484375,1
136.39545,31.652428,3.0,249.0,134.0,104.0,177.0,0.01910400390625,0.0299072265625,6.931455133184813,728,0.04443359375,1
136.75745,32.15986,2.0,244.0,136.0,101.0,178.0,0.0203857421875,0.0269775390625,6.9832341751104146,942,0.0574951171875,1
130.45514,32.80779,4.0,251.0,128.0,92.0,174.0,0.0196533203125,0.02398681640625,7.045310048524549,1155,0.07049560546875,1
134.38861,33.805115,2.0,249.0,132.0,96.0,180.0,0.02044677734375,0.03497314453125,7.075116468919622,1706,0.1041259765625,1
123.65399,34.515854,3.0,255.0,121.0,83.0,170.0,0.02618408203125,0.022705078125,7.122377363499231,1652,0.100830078125,1
120.66382,30.784994,8.0,252.0,116.0,87.0,164.0,0.013916015625,0.013671875,6.909765282111275,808,0.04931640625,1
130.06598,35.123165,2.0,250.0,128.0,88.0,177.0,0.0201416015625,0.0281982421875,7.154648200163894,1281,0.07818603515625,1
121.9104,29.056087,3.0,249.0,117.0,91.0,162.0,0.010498046875,0.01312255859375,6.812021022973104,365,0.02227783203125,1
135.09863,40.560196,1.0,254.0,136.5,84.0,185.0,0.03961181640625,0.05120849609375,7.357765764279515,3298,0.2012939453125,1
130.39276,48.733116,1.0,253.0,131.0,66.0,195.0,0.08233642578125,0.08251953125,7.6158074345279,4050,0.2471923828125,1
141.56506,40.043503,1.0,253.0,143.0,93.0,191.0,0.03631591796875,0.0614013671875,7.315793540604198,2711,0.16546630859375,1
143.5661,37.95872,1.0,254.0,146.0,97.0,188.0,0.03192138671875,0.0538330078125,7.210991826884656,2059,0.12567138671875,1
144.37903,40.55159,0.0,254.0,148.0,93.0,191.0,0.04095458984375,0.06268310546875,7.301046052300313,2733,0.16680908203125,1
131.87311,31.462263,3.0,252.0,131.0,93.0,172.0,0.01153564453125,0.0157470703125,7.0026792871379975,454,0.0277099609375,1
132.32434,26.597353,33.0,248.0,132.0,99.0,167.0,0.00341796875,0.005859375,6.760895381423486,173,0.01055908203125,1
129.539,29.384165,20.0,253.0,129.0,92.0,168.0,0.008056640625,0.0030517578125,6.905913960724846,611,0.03729248046875,1
134.18524,29.506859,22.0,252.0,135.0,96.0,172.0,0.00848388671875,0.00628662109375,6.90790171825385,718,0.0438232421875,1
134.18524,29.506859,22.0,252.0,135.0,96.0,172.0,0.00848388671875,0.00628662109375,6.90790171825385,718,0.0438232421875,1
172.39722,24.052498,82.0,247.0,173.0,141.0,204.0,0.0,0.12847900390625,6.621615979083107,17,0.00103759765625,1
127.62128,19.465183,65.0,231.0,127.0,103.0,153.0,0.0,0.00140380859375,6.307837258698447,21,0.00128173828125,1
128.2174,18.651672,64.0,229.0,127.0,105.0,152.0,0.0,0.00164794921875,6.239455420625812,26,0.0015869140625,1
129.09967,22.39972,48.0,235.0,128.0,101.0,158.0,0.00018310546875,0.00177001953125,6.513945203798161,87,0.00531005859375,1
149.24384,33.501152,62.0,248.0,148.0,106.0,195.0,0.0,0.07464599609375,7.086848667654085,468,0.028564453125,1
151.26172,35.38318,60.0,249.0,151.0,104.0,199.0,0.0,0.09112548828125,7.157042719144691,616,0.03759765625,1
154.70502,32.604244,66.0,250.0,155.0,112.0,198.0,0.0,0.0869140625,7.049223649410671,76,0.004638671875,1
152.9082,36.914528,54.0,253.0,154.0,102.0,201.0,0.000244140625,0.10443115234375,7.211261341951705,1466,0.0894775390625,1
149.17291,34.29142,57.0,248.0,149.0,103.0,195.0,0.00018310546875,0.07281494140625,7.119113561822617,533,0.03253173828125,1
136.87378,45.419632,29.0,253.0,137.0,75.0,197.0,0.0465087890625,0.08831787109375,7.5004932116714516,986,0.0601806640625,1
137.31537,43.51654,30.0,253.0,137.0,80.0,196.0,0.03472900390625,0.08001708984375,7.44492909282496,500,0.030517578125,1
130.32196,47.70191,25.0,253.0,130.0,65.0,195.0,0.07684326171875,0.0767822265625,7.556372158120602,2198,0.1341552734375,1
133.31744,16.124765,68.0,246.0,133.0,113.0,154.0,0.0,0.0003662109375,6.043758634507686,0,0.0,1
183.01099,16.346731,105.0,252.0,183.0,162.0,203.0,0.0,0.13348388671875,6.066382452989831,0,0.0,1
172.05133,28.435575,61.0,253.0,173.0,135.0,209.0,0.0,0.158447265625,6.858589564972584,233,0.01422119140625,1
168.27582,29.265608,53.0,254.0,170.0,129.0,205.0,0.0001220703125,0.13177490234375,6.899159347726361,302,0.0184326171875,1
123.30945,56.364365,20.0,253.0,125.0,45.0,199.0,0.1903076171875,0.09307861328125,7.637488140528047,4161,0.25396728515625,1
128.40375,55.60316,24.0,250.0,133.0,48.0,200.0,0.16357421875,0.09930419921875,7.641113888482526,3653,0.22296142578125,1
131.11786,53.87745,18.0,254.0,138.0,49.0,199.0,0.137451171875,0.09088134765625,7.637363115696738,3129,0.19097900390625,1
148.9256,44.79167,32.0,252.0,153.0,85.0,206.0,0.013671875,0.13006591796875,7.4569960143198415,1192,0.07275390625,1
146.15802,42.442455,40.0,253.0,149.0,86.0,201.0,0.014404296875,0.103271484375,7.401124404326657,1640,0.10009765625,1
150.9093,41.972164,44.0,253.0,153.0,91.0,205.0,0.0103759765625,0.12225341796875,7.389520479937386,1279,0.07806396484375,1
147.74896,42.366863,42.0,254.0,150.0,88.0,202.0,0.0133056640625,0.10986328125,7.403543985222095,1370,0.0836181640625,1
144.4743,44.43112,26.0,254.0,145.0,83.0,203.0,0.02490234375,0.11309814453125,7.475631987411009,1376,0.083984375,1
140.88177,43.338432,34.0,255.0,141.0,82.0,199.0,0.02557373046875,0.09307861328125,7.445406038849966,893,0.05450439453125,1
139.63416,47.78395,19.0,252.0,142.0,72.0,202.0,0.05682373046875,0.1055908203125,7.568987840971987,2081,0.12701416015625,1
145.80261,44.350704,33.0,253.0,148.0,84.0,204.0,0.025634765625,0.11761474609375,7.464975354041181,1389,0.08477783203125,1
145.47406,46.858425,34.0,252.0,149.0,78.0,206.0,0.0386962890625,0.12548828125,7.524250991964691,2093,0.12774658203125,1
128.40015,50.481983,16.0,249.0,131.0,55.0,195.0,0.11541748046875,0.07464599609375,7.6229759664469565,3881,0.23687744140625,1
143.22046,47.688034,23.0,253.0,146.0,75.0,205.0,0.0482177734375,0.12213134765625,7.562072262869654,3292,0.200927734375,1
134.23114,48.630856,18.0,252.0,136.0,66.0,198.0,0.07476806640625,0.08966064453125,7.5872651099835835,3614,0.2205810546875,1
153.76837,42.61606,46.0,252.0,157.0,91.0,207.0,0.00653076171875,0.1397705078125,7.393397355577868,2968,0.18115234375,1
150.08423,44.130863,44.0,250.0,154.0,85.0,207.0,0.01055908203125,0.13201904296875,7.4310041159901825,2509,0.15313720703125,1
154.50043,43.735603,45.0,254.0,159.0,91.0,211.0,0.003662109375,0.1593017578125,7.417178359391989,2018,0.1231689453125,1
146.12616,44.741802,39.0,254.0,148.5,83.0,204.0,0.01220703125,0.1226806640625,7.450799133627949,1991,0.12152099609375,1
124.83789,44.55203,36.0,254.0,114.0,75.0,193.0,0.014892578125,0.07855224609375,7.343882017570529,719,0.04388427734375,1
154.42004,39.6831,48.0,252.0,158.0,97.0,204.0,0.0015869140625,0.12255859375,7.286608470559688,3787,0.23114013671875,1
151.93445,41.12169,32.0,251.0,156.0,93.0,204.0,0.00506591796875,0.1220703125,7.340465540102743,2772,0.169189453125,1
154.65033,41.50406,34.0,254.0,158.0,95.0,208.0,0.00384521484375,0.1473388671875,7.354292102004496,3528,0.21533203125,1
131.16095,22.452028,44.0,221.0,131.0,103.0,161.0,0.00152587890625,0.0006103515625,6.524926031198236,0,0.0,1
170.70172,27.114557,40.0,251.0,171.0,136.0,206.0,0.00042724609375,0.143798828125,6.782933215451123,183,0.01116943359375,1
172.77637,24.933475,65.0,244.0,173.0,141.0,205.0,0.0,0.14251708984375,6.666369422629405,50,0.0030517578125,1
173.3371,27.585672,55.0,246.0,175.0,137.0,208.0,0.000244140625,0.16778564453125,6.801062279803529,333,0.02032470703125,1
170.72052,26.622952,57.0,245.0,171.0,136.0,205.0,6.103515625e-05,0.13714599609375,6.757935994861664,218,0.0133056640625,1
172.8432,25.306698,65.0,240.0,174.0,140.0,205.0,0.0,0.1373291015625,6.68015746687251,115,0.00701904296875,1
164.38812,38.747,39.0,245.0,171.0,102.0,210.0,0.00164794921875,0.18182373046875,7.176859468342073,884,0.053955078125,1
169.018,20.040653,67.0,250.0,170.0,143.0,195.0,0.0,0.0499267578125,6.355840094378538,0,0.0,1
170.45007,26.91738,62.0,250.0,172.0,134.0,205.0,0.0,0.137451171875,6.768015497271714,46,0.0028076171875,1
171.5658,27.006866,58.0,243.0,173.0,135.0,206.0,6.103515625e-05,0.15252685546875,6.77132147382361,47,0.00286865234375,1
170.69781,27.601986,51.0,248.0,172.0,134.0,206.0,6.103515625e-05,0.14715576171875,6.801147102334466,66,0.0040283203125,1
169.75214,29.09068,58.0,245.0,171.0,131.0,207.0,0.0001220703125,0.15521240234375,6.87957176620028,348,0.021240234375,1
134.8833,18.895063,51.0,250.0,135.0,112.0,158.0,0.000244140625,0.00274658203125,6.257842404496184,67,0.00408935546875,1
177.46124,24.11432,71.0,253.0,179.0,146.0,207.0,0.0,0.16229248046875,6.61940692015744,218,0.0133056640625,1
176.88977,24.77185,70.0,252.0,178.0,144.0,207.0,0.0,0.16552734375,6.66082922113787,263,0.01605224609375,1
180.55371,21.606358,72.0,251.0,182.0,153.0,207.0,0.0,0.17138671875,6.457687225173408,38,0.0023193359375,1
189.57764,18.943857,92.0,253.0,190.0,166.0,213.0,0.0,0.28033447265625,6.2633864193170785,58,0.0035400390625,1
181.16681,23.472954,72.0,254.0,182.0,151.0,210.0,0.0,0.19586181640625,6.577261066771143,214,0.0130615234375,1
187.54694,20.689388,93.0,254.0,189.0,161.0,213.0,0.0,0.26568603515625,6.397234649536129,128,0.0078125,1
181.8482,23.108105,84.0,253.0,183.0,152.0,211.0,0.0,0.20745849609375,6.560721276898628,106,0.0064697265625,1
180.77704,24.912802,67.0,253.0,183.0,147.0,211.0,0.0,0.2216796875,6.658197795733114,236,0.014404296875,1
181.85242,25.62998,77.0,253.0,183.0,147.0,213.0,0.0,0.241943359375,6.704150756305008,141,0.00860595703125,1
183.5437,25.165144,78.0,254.0,185.0,150.0,215.0,0.0,0.26348876953125,6.6783153545348295,108,0.006591796875,1
175.7091,24.128685,75.0,253.0,177.0,144.0,206.0,0.0,0.1519775390625,6.623810617475767,128,0.0078125,1
172.07983,25.903788,76.0,253.0,173.0,138.0,205.0,0.0,0.1334228515625,6.7294998756949935,359,0.02191162109375,1
183.27295,22.800835,84.0,254.0,184.0,153.0,212.0,0.0,0.22979736328125,6.543145741765349,136,0.00830078125,1
171.82483,25.071413,61.0,249.0,172.0,139.0,204.0,0.0,0.12725830078125,6.6816076750916595,190,0.0115966796875,1
177.51715,23.978107,69.0,252.0,178.0,146.0,208.0,0.0,0.17095947265625,6.617105302742107,105,0.00640869140625,1
185.2763,19.532698,98.0,253.0,187.0,160.0,209.0,0.0,0.21795654296875,6.310779028554972,22,0.0013427734375,1
181.44653,23.984789,92.0,253.0,183.0,149.0,211.0,0.0,0.2188720703125,6.605990794623247,120,0.00732421875,1
132.59985,19.615082,54.0,251.0,131.0,111.0,158.0,0.0001220703125,0.0037841796875,6.261814499917929,11,0.00067138671875,1
175.55603,21.27305,65.0,253.0,174.0,151.0,203.0,0.0,0.12164306640625,6.41523847824886,0,0.0,1
170.50739,22.146011,82.0,252.0,169.0,145.0,200.0,0.0,0.09674072265625,6.474075192109875,19,0.00115966796875,1
174.8133,25.291769,70.0,254.0,174.0,145.0,208.0,0.0,0.14837646484375,6.674120166261717,186,0.0113525390625,1
169.0362,27.519363,62.0,253.0,168.0,136.0,206.0,0.0,0.13031005859375,6.802568749501356,377,0.02301025390625,1
169.0907,25.171635,48.0,252.0,169.0,138.0,201.0,0.00042724609375,0.10516357421875,6.679530084395039,129,0.00787353515625,1
170.56,26.029722,48.0,253.0,170.0,139.0,204.0,0.0006103515625,0.12359619140625,6.720899800449457,272,0.0166015625,1
167.23907,29.641909,40.0,254.0,167.0,131.0,206.0,0.0009765625,0.1334228515625,6.918498985523416,543,0.03314208984375,1
171.31512,30.387762,39.0,254.0,171.0,134.0,211.0,0.00146484375,0.16986083984375,6.950816209157404,565,0.03448486328125,1
167.5752,30.137575,39.0,254.0,167.0,130.0,206.70000000000073,0.00189208984375,0.13848876953125,6.93846260649058,366,0.0223388671875,1
162.19336,35.339973,31.0,253.0,163.0,117.0,208.0,0.0074462890625,0.13861083984375,7.158282264013329,1538,0.0938720703125,1
156.3266,38.543343,26.0,254.0,158.0,107.0,204.0,0.01715087890625,0.11962890625,7.2743301141029715,1630,0.0994873046875,1
172.01251,34.395115,35.0,254.0,174.0,128.0,214.0,0.00531005859375,0.19439697265625,7.0941098816997314,950,0.0579833984375,1
123.90857,29.512972,34.0,250.0,119.0,93.0,166.0,0.0047607421875,0.0213623046875,6.790904691793225,484,0.029541015625,1
181.58868,30.04031,77.0,255.0,178.0,147.0,226.0,0.0,0.2470703125,6.87727922134129,404,0.024658203125,1
165.20947,29.79092,58.0,254.0,162.0,131.0,208.0,6.103515625e-05,0.130126953125,6.878961312027604,266,0.0162353515625,1
174.05237,28.482265,80.0,254.0,170.0,141.0,215.0,0.0,0.1749267578125,6.814682257309455,131,0.00799560546875,1
158.95642,32.35567,49.0,253.0,154.0,123.0,207.0,0.0003662109375,0.12506103515625,6.984006383152245,1027,0.06268310546875,1
162.71313,32.49843,25.0,253.0,160.0,127.0,208.0,0.00482177734375,0.13604736328125,7.0095434736174855,999,0.06097412109375,1
160.83405,32.401966,24.0,253.0,158.0,124.0,206.0,0.004638671875,0.126708984375,7.01198352202827,976,0.0595703125,1
165.96063,33.632248,30.0,254.0,164.0,127.0,212.0,0.0032958984375,0.16064453125,7.072154794526805,1094,0.0667724609375,1
171.71252,33.060715,35.0,254.0,170.0,133.0,218.0,0.0023193359375,0.1959228515625,7.044304780507704,865,0.05279541015625,1
172.9627,32.256176,32.0,255.0,171.0,134.0,218.0,0.00140380859375,0.19793701171875,7.0192573471987325,621,0.03790283203125,1
165.578,31.13898,45.0,253.0,163.0,128.30000000000018,209.0,0.00067138671875,0.14208984375,6.9710662315762555,642,0.0391845703125,1
162.3985,33.2333,32.0,253.0,160.0,124.0,208.0,0.001953125,0.1356201171875,7.064683637578599,1073,0.06549072265625,1
172.16016,25.142786,42.0,253.0,172.0,146.0,203.0,0.0013427734375,0.11724853515625,6.6105603531215245,578,0.0352783203125,1
154.88239,31.64028,32.0,254.0,152.0,120.0,198.0,0.00537109375,0.0897216796875,6.965007684760473,1114,0.0679931640625,1
171.5343,31.688833,34.0,254.0,172.0,135.0,211.0,0.004150390625,0.17010498046875,6.962476250434625,919,0.05609130859375,1
163.74103,32.27589,36.0,253.0,164.0,124.0,205.0,0.0029296875,0.12237548828125,7.004816918459107,916,0.055908203125,1
170.95465,31.069347,38.0,254.0,172.0,134.0,209.0,0.00213623046875,0.1600341796875,6.9399222018885744,762,0.0465087890625,1
157.15924,16.147924,88.0,234.0,157.0,136.0,178.0,0.0,0.00439453125,6.0483445600423495,0,0.0,0
157.68304,17.213343,83.0,243.0,157.0,137.0,178.0,0.0,0.01776123046875,6.114015001310676,0,0.0,0
159.73206,15.6500025,97.0,251.0,160.0,140.0,180.0,0.0,0.00592041015625,6.005725375840124,0,0.0,0
159.97382,15.288773,104.0,247.0,160.0,141.0,179.0,0.0,0.00634765625,5.970499173290715,0,0.0,0
166.02142,19.96246,106.0,253.0,164.0,143.0,191.0,0.0,0.06048583984375,6.2842579225876385,0,0.0,0
167.16559,19.387564,102.0,253.0,166.0,145.0,191.0,0.0,0.05340576171875,6.256419508693378,33,0.00201416015625,0
159.43054,16.698895,88.0,249.0,159.0,139.0,180.0,0.0,0.01617431640625,6.0627672247597015,40,0.00244140625,0
159.11517,17.665022,68.0,252.0,158.0,139.0,180.0,0.0,0.02471923828125,6.119072862470675,0,0.0,0
153.71948,15.418369,93.0,234.0,154.0,134.0,173.0,0.0,0.00201416015625,5.985278103197292,0,0.0,0
152.82477,15.908095,86.0,236.0,153.0,132.0,173.0,0.0,0.002685546875,6.028297498136674,0,0.0,0
153.02692,15.6067295,92.0,229.0,153.0,133.0,173.0,0.0,0.0028076171875,6.000811793705266,0,0.0,0
153.82056,15.315439,93.0,248.0,154.0,134.0,173.0,0.0,0.0030517578125,5.972219893028725,0,0.0,0
155.26373,16.871374,89.0,250.0,155.0,135.0,176.0,0.0,0.01287841796875,6.085974396240783,0,0.0,0
155.13257,16.395432,91.0,242.0,155.0,135.0,176.0,0.0,0.0059814453125,6.07000146623675,0,0.0,0
152.5451,16.241037,86.0,237.0,153.0,132.0,173.0,0.0,0.00347900390625,6.060002952474495,0,0.0,0
150.01642,15.921734,58.0,228.0,150.0,130.0,170.0,6.103515625e-05,0.0020751953125,6.0260456920239145,0,0.0,0
147.80872,16.398247,75.0,224.0,148.0,127.0,168.0,0.0,0.00189208984375,6.074427436177603,0,0.0,0
148.24597,16.269522,76.0,228.0,148.0,128.0,169.0,0.0,0.0018310546875,6.061909156615786,0,0.0,0
150.93036,16.466766,73.0,229.0,151.0,130.0,172.0,0.0,0.00335693359375,6.078206085257399,0,0.0,0
150.11255,16.075567,72.0,230.0,150.0,129.0,171.0,0.0,0.00189208984375,6.0451082600525465,0,0.0,0
151.69086,15.947307,89.0,231.0,152.0,131.0,172.0,0.0,0.0029296875,6.031238377639111,0,0.0,0
153.72522,15.63403,91.0,251.0,154.0,134.0,174.0,0.0,0.00262451171875,6.002670370503548,0,0.0,0
155.36633,16.09598,96.0,234.0,155.0,135.0,176.0,0.0,0.00506591796875,6.042544661101788,0,0.0,0
156.56238,15.928061,100.0,234.0,156.0,136.0,177.0,0.0,0.00537109375,6.029026306179969,0,0.0,0
155.47687,15.522041,101.0,227.0,155.0,136.0,175.0,0.0,0.0045166015625,5.992034885097069,0,0.0,0
156.20483,15.96533,61.0,245.0,156.0,135.0,176.0,0.0,0.00457763671875,6.03027495038677,0,0.0,0
156.97266,16.675982,70.0,245.0,157.0,136.0,178.0,0.0,0.01007080078125,6.089495171367779,0,0.0,0
158.48602,17.147932,74.0,243.0,158.0,137.0,180.0,0.0,0.01202392578125,6.131610246386874,20,0.001220703125,0
167.04382,23.96987,103.0,255.0,164.0,142.0,190.0,0.0,0.06781005859375,6.320323033348205,52,0.003173828125,0
158.68268,15.43968,99.0,233.0,158.0,139.0,178.0,0.0,0.00537109375,5.98676530138381,0,0.0,0
162.85132,18.261745,100.0,249.0,161.0,141.0,186.0,0.0,0.0352783203125,6.178671258507597,0,0.0,0
160.1726,15.975502,80.0,235.0,160.0,140.0,181.0,0.0,0.00897216796875,6.034066488895494,0,0.0,0
166.19586,23.456299,81.0,255.0,163.0,140.0,195.0,0.0,0.0745849609375,6.458603536833172,0,0.0,0
165.94623,23.973963,88.0,255.0,163.0,140.0,197.0,0.0,0.0888671875,6.470583930582371,0,0.0,0
160.9209,20.196003,98.0,254.0,159.0,137.0,185.0,0.0,0.04376220703125,6.303799295391243,0,0.0,0
159.11835,18.305685,97.0,252.0,158.0,137.0,181.0,0.0,0.0235595703125,6.205925446347548,0,0.0,0
157.26129,16.868351,73.0,248.0,157.0,136.0,178.0,0.0,0.0103759765625,6.102506707083791,23,0.00140380859375,0
156.97168,17.186827,96.0,233.0,157.0,135.0,179.0,0.0,0.00994873046875,6.138962305965919,0,0.0,0
157.8471,18.690159,89.0,255.0,157.0,135.0,180.0,0.0,0.01947021484375,6.215301512924922,0,0.0,0
162.77545,26.49249,95.0,255.0,159.0,135.0,193.0,0.0,0.08074951171875,6.519207046626935,0,0.0,0
155.74823,16.73774,95.0,243.0,156.0,134.0,177.0,0.0,0.00494384765625,6.101629970139121,0,0.0,0
157.23053,16.652403,99.0,236.0,157.0,136.0,178.0,0.0,0.006103515625,6.094437707961489,0,0.0,0
156.55896,17.038317,96.0,254.0,156.0,135.0,177.0,0.0,0.010009765625,6.107013664480047,0,0.0,0
166.31738,26.888937,90.0,255.0,162.0,138.0,196.0,0.0,0.08892822265625,6.506071321433653,26,0.0015869140625,0
157.56476,16.56898,83.0,242.0,158.0,136.0,178.0,0.0,0.00506591796875,6.086273769016152,0,0.0,0
158.3562,18.1559,92.0,244.0,158.0,135.0,181.0,0.0,0.0125732421875,6.219649669225116,0,0.0,0
158.0578,15.50215,96.0,229.0,158.0,138.0,177.0,0.0,0.00445556640625,5.991219769268657,0,0.0,0
159.01135,17.44492,89.0,237.0,159.0,137.0,181.0,0.0,0.01202392578125,6.159738802725128,0,0.0,0
160.232,17.69471,92.0,248.0,160.0,139.0,182.0,0.0,0.02203369140625,6.156278727339585,0,0.0,0
159.84271,16.649828,94.0,246.0,160.0,139.0,180.0,0.0,0.01434326171875,6.086429765696357,0,0.0,0
159.10199,16.938152,93.0,250.0,159.0,138.0,180.0,0.0,0.01397705078125,6.1072591246511125,0,0.0,0
152.98267,31.271961,34.0,253.0,155.0,111.0,191.0,0.00311279296875,0.04681396484375,6.983688502783901,77,0.00469970703125,0
162.013,31.768581,34.0,252.0,165.0,119.0,199.0,0.00238037109375,0.09130859375,6.996115525149781,56,0.00341796875,0
150.46173,33.67627,22.0,254.0,152.0,107.0,191.0,0.0076904296875,0.05279541015625,7.0962982749980545,247,0.01507568359375,0
162.89594,32.075726,34.0,252.0,166.0,119.0,201.0,0.00146484375,0.10125732421875,7.008366257478477,96,0.005859375,0
158.63007,31.545824,33.0,252.0,162.0,116.0,196.0,0.002197265625,0.07183837890625,6.988031793713136,18,0.0010986328125,0
161.30829,28.858538,53.0,253.0,164.0,123.0,195.0,0.00067138671875,0.067138671875,6.870441506211948,0,0.0,0
155.18134,27.411543,40.0,252.0,156.0,120.0,189.0,0.000732421875,0.04241943359375,6.808937710957924,0,0.0,0
157.25134,26.554846,36.0,253.0,158.0,124.0,190.0,0.0009765625,0.0467529296875,6.757981350149738,0,0.0,0
165.59698,24.42562,52.0,251.0,167.0,134.0,195.0,0.0001220703125,0.0584716796875,6.627621667113115,0,0.0,0
164.68323,28.874363,32.0,253.0,166.0,127.0,199.0,0.00140380859375,0.088623046875,6.866074814265295,80,0.0048828125,0
165.30249,23.551218,56.0,250.0,166.0,135.0,194.0,6.103515625e-05,0.05487060546875,6.581307715601675,16,0.0009765625,0
165.36151,23.17439,52.0,250.0,168.0,135.0,192.0,6.103515625e-05,0.03985595703125,6.532105450225775,0,0.0,0
164.87476,26.192234,36.0,254.0,168.0,130.0,195.0,0.0006103515625,0.05963134765625,6.701990219154138,0,0.0,0
162.71661,31.715038,28.0,251.0,167.0,119.0,200.0,0.0013427734375,0.0950927734375,6.979218332483697,38,0.0023193359375,0
155.90204,26.784798,26.0,253.0,157.0,122.0,187.0,0.0015869140625,0.03857421875,6.757458627144116,37,0.00225830078125,0
167.90637,26.238207,53.0,253.0,168.0,135.0,202.0,0.00018310546875,0.109130859375,6.7395156637413445,0,0.0,0
168.04645,28.064474,54.0,247.0,169.0,131.0,204.0,0.0001220703125,0.13104248046875,6.834154384590111,0,0.0,0
171.55396,27.653664,51.0,248.0,173.0,135.0,207.0,6.103515625e-05,0.15533447265625,6.807350668461299,24,0.00146484375,0
151.75043,34.20863,30.0,254.0,153.0,106.0,195.0,0.00347900390625,0.06982421875,7.120133172819161,153,0.00933837890625,0
155.44983,26.75863,46.0,252.0,157.0,122.0,188.0,0.00054931640625,0.04071044921875,6.770342202916119,0,0.0,0
154.0639,29.019958,29.0,248.0,155.0,116.0,190.0,0.0015869140625,0.04547119140625,6.887879039784711,10,0.0006103515625,0
151.75403,30.121101,26.0,246.0,154.0,111.0,188.0,0.00335693359375,0.0380859375,6.926350022861778,19,0.00115966796875,0
160.59857,27.241518,46.0,251.0,161.0,127.0,195.0,0.00054931640625,0.068359375,6.798900064531027,15,0.00091552734375,0
172.49396,21.297665,64.0,250.0,173.0,145.0,198.0,0.0,0.08197021484375,6.440005603111282,0,0.0,0
166.13159,21.39693,72.0,249.0,166.0,139.0,193.0,0.0,0.05010986328125,6.454913761342475,0,0.0,0
164.22693,21.079727,79.0,248.0,164.0,138.0,191.0,0.0,0.0413818359375,6.432031869926291,0,0.0,0
146.60352,30.87517,27.0,250.0,149.0,106.0,182.0,0.0069580078125,0.031982421875,6.95344941679463,20,0.001220703125,0
150.54901,27.108955,51.0,253.0,151.0,117.0,184.0,0.00048828125,0.03778076171875,6.790891995404117,0,0.0,0
145.89026,31.171158,42.0,247.0,147.0,103.0,185.0,0.001220703125,0.02801513671875,6.984713991759078,0,0.0,0
154.16089,32.06505,53.0,253.0,156.0,111.0,195.0,0.00048828125,0.06744384765625,7.025234624323502,20,0.001220703125,0
149.28467,35.526825,38.0,252.0,151.0,100.0,194.0,0.0020751953125,0.06451416015625,7.1656640172456125,119,0.00726318359375,0
131.33386,38.56443,21.0,252.0,132.0,79.0,181.0,0.025390625,0.03179931640625,7.284911760587072,851,0.05194091796875,0
149.59204,34.101997,45.0,248.0,152.0,103.0,193.0,0.0023193359375,0.05914306640625,7.1142620042018905,23,0.00140380859375,0
145.15912,34.609303,39.0,249.0,147.0,98.0,189.0,0.00408935546875,0.047607421875,7.139239945417041,81,0.00494384765625,0
143.74573,35.095825,31.0,249.0,145.0,97.0,188.0,0.006591796875,0.04571533203125,7.160943697944788,98,0.0059814453125,0
139.46124,37.259323,33.0,249.0,141.0,88.0,187.0,0.0093994140625,0.04052734375,7.2315681064575505,44,0.002685546875,0
135.68213,37.876396,28.0,253.0,137.0,83.0,185.0,0.0157470703125,0.03448486328125,7.251721712775197,119,0.00726318359375,0
138.44891,36.761124,30.0,253.0,140.0,88.0,185.0,0.01446533203125,0.03765869140625,7.221684738208409,89,0.00543212890625,0
140.94171,36.993217,36.0,253.0,142.0,90.0,188.0,0.0086669921875,0.047119140625,7.228150663593646,71,0.00433349609375,0
146.85571,37.143066,27.0,251.0,149.0,96.0,194.0,0.006103515625,0.06829833984375,7.228577412651877,43,0.00262451171875,0
133.71094,39.246063,30.0,252.0,134.0,81.0,185.0,0.0245361328125,0.04241943359375,7.310443275773587,363,0.02215576171875,0
133.2774,39.488407,28.0,252.0,134.0,80.0,185.0,0.02581787109375,0.038818359375,7.318304432319906,324,0.019775390625,0
133.99408,38.649727,24.0,252.0,135.0,81.0,185.0,0.02447509765625,0.0361328125,7.292570888300327,361,0.02203369140625,0
140.12543,38.48326,25.0,254.0,141.0,88.0,191.0,0.01055908203125,0.05712890625,7.284173875116999,147,0.00897216796875,0
132.5122,38.200302,24.0,253.0,132.0,82.0,182.0,0.02044677734375,0.036376953125,7.279987630277075,235,0.01434326171875,0
128.64587,37.665016,25.0,252.0,129.0,79.0,178.0,0.02996826171875,0.02532958984375,7.258514457016487,148,0.009033203125,0
139.80554,41.31657,25.0,249.0,142.0,83.0,193.0,0.02294921875,0.0665283203125,7.378313634124717,324,0.019775390625,0
148.35425,41.208492,31.0,253.0,150.0,92.0,202.0,0.009765625,0.10797119140625,7.37249195798263,162,0.0098876953125,0
146.268,33.56731,38.0,254.0,147.0,102.0,190.0,0.00164794921875,0.05511474609375,7.10004164651653,75,0.00457763671875,0
146.79425,34.07488,42.0,249.0,148.0,101.0,191.0,0.00244140625,0.0509033203125,7.115848227135922,105,0.00640869140625,0
145.19098,34.44577,39.0,251.0,146.0,99.0,189.0,0.003173828125,0.04840087890625,7.132701329419705,44,0.002685546875,0
149.17975,33.819122,46.0,253.0,151.0,104.0,192.0,0.00164794921875,0.060302734375,7.107241867469899,21,0.00128173828125,0
146.74048,35.821217,36.0,252.0,148.0,98.0,193.0,0.00439453125,0.062744140625,7.188264799811392,51,0.00311279296875,0
146.84607,36.06093,44.0,247.0,148.0,98.0,193.0,0.00482177734375,0.06292724609375,7.193567780904727,52,0.003173828125,0
147.88165,35.247208,42.0,247.0,149.0,100.0,193.0,0.00360107421875,0.06268310546875,7.163699914148199,31,0.00189208984375,0
149.82404,35.26506,44.0,251.0,151.0,102.0,195.0,0.001953125,0.07281494140625,7.162762571571907,97,0.00592041015625,0
146.47101,35.259254,35.0,251.0,148.0,99.0,191.0,0.00506591796875,0.0562744140625,7.1632678100673015,37,0.00225830078125,0
147.20142,34.902847,45.0,250.0,148.0,100.0,192.0,0.0028076171875,0.05670166015625,7.151113194217954,104,0.00634765625,0
147.75769,34.384563,48.0,253.0,149.0,102.0,192.0,0.002197265625,0.0577392578125,7.129404600305315,36,0.002197265625,0
150.56012,34.03269,45.0,248.0,152.0,105.0,195.0,0.001220703125,0.06964111328125,7.115817864772083,71,0.00433349609375,0
148.50043,34.61302,36.0,250.0,150.0,102.0,192.0,0.00335693359375,0.059814453125,7.137740530163274,32,0.001953125,0
147.3703,35.334473,44.0,249.0,149.0,99.0,193.0,0.00372314453125,0.061279296875,7.165752285424945,63,0.00384521484375,0
149.69452,34.56884,43.0,251.0,151.0,103.0,193.0,0.0029296875,0.06488037109375,7.133157948602812,105,0.00640869140625,0
130.83032,39.10569,27.0,249.0,132.0,77.0,182.0,0.02947998046875,0.03155517578125,7.302648171445241,337,0.02056884765625,0
155.47906,31.25192,53.0,251.0,157.0,113.0,195.0,0.00018310546875,0.06903076171875,6.991878091175519,0,0.0,0
151.41168,31.92812,49.0,251.0,153.0,109.0,192.0,0.00067138671875,0.05731201171875,7.025091915278599,56,0.00341796875,0
150.76807,31.173346,41.0,250.0,152.0,109.0,190.0,0.00079345703125,0.04852294921875,6.993423385236986,30,0.0018310546875,0
149.52716,30.99608,41.0,250.0,150.0,108.0,189.0,0.00091552734375,0.04345703125,6.985957841663908,0,0.0,0
150.69452,31.5917,49.0,254.0,151.0,109.0,191.0,0.00091552734375,0.05267333984375,7.013558146037049,55,0.00335693359375,0
149.36566,31.669874,46.0,247.0,150.0,107.0,190.0,0.00152587890625,0.049072265625,7.0160525926545,44,0.002685546875,0
150.40906,31.669252,47.0,252.0,151.0,108.0,191.0,0.00091552734375,0.0517578125,7.015094191017873,13,0.00079345703125,0
151.53436,31.449568,49.0,250.0,152.0,110.0,192.0,0.001220703125,0.05633544921875,7.008348089947509,17,0.00103759765625,0
151.54694,30.95286,43.0,249.0,153.0,111.0,191.0,0.00048828125,0.05181884765625,6.983004876695654,7,0.00042724609375,0
151.71466,30.897648,43.0,246.0,152.0,111.0,191.0,0.00054931640625,0.051513671875,6.9815635436556525,21,0.00128173828125,0
162.52722,28.2222,65.0,252.0,164.0,125.0,197.0,0.0,0.08038330078125,6.836430466649638,0,0.0,0
147.83313,28.125473,34.0,253.0,145.0,117.0,184.0,0.0009765625,0.05010986328125,6.793624476528139,159,0.00970458984375,0
155.93372,24.640326,74.0,253.0,152.0,128.0,190.0,0.0,0.06048583984375,6.585626247938217,16,0.0009765625,0
159.33423,23.62519,78.0,252.0,156.0,133.0,192.0,0.0,0.0643310546875,6.513438167191799,49,0.00299072265625,0
157.06256,23.032185,63.0,253.0,154.0,131.0,187.0,0.0,0.05181884765625,6.4842261704885775,25,0.00152587890625,0
155.90332,25.046202,51.0,252.0,153.0,128.0,189.0,6.103515625e-05,0.05804443359375,6.623854249010659,42,0.0025634765625,0
157.92871,26.62481,51.0,254.0,155.0,128.0,193.0,6.103515625e-05,0.07568359375,6.706564168928404,75,0.00457763671875,0
161.98053,24.279472,48.0,255.0,159.0,135.0,194.0,6.103515625e-05,0.073974609375,6.564996654758062,20,0.001220703125,0
149.65833,27.071821,48.0,254.0,146.0,119.0,185.0,0.000244140625,0.05364990234375,6.715671232020268,46,0.0028076171875,0
150.95215,26.824759,64.0,253.0,147.0,122.0,187.0,0.0,0.05584716796875,6.687750861705588,238,0.0145263671875,0
150.28748,27.934952,37.0,254.0,146.0,120.0,188.0,0.00042724609375,0.06396484375,6.725728700972092,132,0.008056640625,0
155.1919,25.295143,66.0,253.0,152.0,126.0,189.0,0.0,0.0609130859375,6.621306541410076,45,0.00274658203125,0
169.06995,20.618338,94.0,252.0,166.0,146.0,197.0,0.0,0.08001708984375,6.3489574987563095,0,0.0,0
169.36206,19.836105,96.0,252.0,167.0,147.0,195.0,0.0,0.072998046875,6.292672472809306,0,0.0,0
168.75891,21.147783,97.0,253.0,165.0,146.0,198.0,0.0,0.0899658203125,6.341343287461283,0,0.0,0
166.0675,20.573853,104.0,250.0,162.0,144.0,194.0,0.0,0.0718994140625,6.292364780670228,0,0.0,0
173.29144,20.433292,94.0,253.0,170.0,150.0,201.0,0.0,0.1053466796875,6.3144376552167145,0,0.0,0
174.49341,18.157377,114.0,253.0,172.0,154.0,199.0,0.0,0.08868408203125,6.155855645975327,0,0.0,0
170.54132,18.031363,108.0,250.0,168.0,151.0,195.0,0.0,0.06805419921875,6.113675090392729,0,0.0,0
172.80609,19.102112,106.0,252.0,170.0,152.0,198.0,0.0,0.0865478515625,6.183335116724751,24,0.00146484375,0
170.0003,20.274149,106.0,252.0,166.0,149.0,197.70000000000073,0.0,0.08544921875,6.261737381027611,22,0.0013427734375,0
133.53491,31.526623,34.0,254.0,129.0,98.0,176.0,0.002685546875,0.0379638671875,6.9473711609319375,144,0.0087890625,0
131.65106,29.894175,43.0,253.0,126.0,99.0,173.0,0.0003662109375,0.03411865234375,6.806411007746184,279,0.01702880859375,0
142.8092,28.103062,56.0,254.0,139.0,112.0,180.0,0.00018310546875,0.0447998046875,6.764826204764386,155,0.00946044921875,0
151.32587,26.58307,68.0,253.0,148.0,121.0,188.0,0.0,0.05255126953125,6.698702722458588,62,0.0037841796875,0
158.1037,29.20668,70.0,254.0,156.0,123.0,198.0,0.0,0.08819580078125,6.878922528718377,61,0.00372314453125,0
168.83777,27.912533,86.0,254.0,166.0,135.0,207.0,0.0,0.1424560546875,6.817519351704006,48,0.0029296875,0
167.84363,22.208693,97.0,253.0,165.0,142.0,198.0,0.0,0.08502197265625,6.473779200142534,12,0.000732421875,0
170.77759,20.960213,96.0,253.0,169.0,146.0,199.0,0.0,0.08929443359375,6.388321657540431,0,0.0,0
169.57996,23.168701,58.0,254.0,167.0,144.0,201.0,6.103515625e-05,0.1007080078125,6.51417711947024,51,0.00311279296875,0
167.10474,21.114437,65.0,252.0,167.0,142.0,192.0,0.0,0.0538330078125,6.411253986941228,0,0.0,0
165.11096,20.23283,74.0,250.0,165.0,141.0,189.0,0.0,0.0439453125,6.348722989830044,0,0.0,0
129.526,19.253496,59.0,249.0,129.0,107.0,151.0,6.103515625e-05,0.00634765625,6.2268579368344,0,0.0,0
171.68304,20.543407,89.0,251.0,171.0,147.0,197.0,0.0,0.0789794921875,6.376852936964228,0,0.0,0
151.70343,33.688583,62.0,254.0,147.5,111.30000000000018,199.0,0.0,0.09490966796875,7.0663265567665,821,0.05010986328125,0
156.70044,29.07504,61.0,253.0,154.0,122.0,196.0,0.0,0.0811767578125,6.876075686302108,541,0.03302001953125,0
155.94275,27.941628,39.0,252.0,154.0,123.0,192.0,0.0006103515625,0.0623779296875,6.825778682589744,556,0.033935546875,0
159.50061,18.899979,81.0,247.0,159.0,136.0,182.0,0.0,0.027099609375,6.250349410416411,0,0.0,0
160.84393,18.923752,96.0,252.0,160.0,138.0,184.0,0.0,0.03326416015625,6.237723664136512,0,0.0,0
167.29578,19.52419,84.0,251.0,167.0,144.0,191.0,0.0,0.05023193359375,6.302558503280059,0,0.0,0
172.9021,18.816658,95.0,250.0,173.0,149.0,196.0,0.0,0.0662841796875,6.263124810606097,0,0.0,0
172.06006,18.784758,91.0,250.0,172.0,149.0,195.0,0.0,0.06494140625,6.2478427266184955,17,0.00103759765625,0
167.61609,18.820663,89.0,249.0,167.0,144.0,191.0,0.0,0.04644775390625,6.256447540711403,0,0.0,0
169.8302,20.793455,70.0,252.0,170.0,143.0,195.0,0.0,0.06768798828125,6.4022197899837,0,0.0,0
177.18591,15.619175,87.0,250.0,176.0,159.0,196.0,0.0,0.06927490234375,5.973496234972488,18,0.0010986328125,0
180.84595,15.257929,102.0,249.0,180.0,163.0,199.0,0.0,0.089599609375,5.925048910225007,0,0.0,0
169.79309,16.290882,95.0,248.0,168.0,151.0,190.0,0.0,0.04620361328125,6.017303699530672,0,0.0,0
168.86029,18.71325,89.0,248.0,169.0,145.0,193.0,0.0,0.0465087890625,6.263401637973706,0,0.0,0
162.75159,19.353817,80.0,247.0,162.0,139.0,187.0,0.0,0.03094482421875,6.304060123852836,0,0.0,0
161.57397,19.220978,78.0,250.0,161.0,138.0,186.0,0.0,0.0269775390625,6.293234926103765,0,0.0,0
166.0664,17.338709,100.0,244.0,165.0,146.0,189.0,0.0,0.03375244140625,6.131972715448624,0,0.0,0
167.42682,18.644564,91.0,247.0,167.0,145.0,191.0,0.0,0.04547119140625,6.243308458490519,0,0.0,0
164.67358,18.974873,80.0,252.0,164.0,142.0,188.0,0.0,0.03558349609375,6.2732550192958385,0,0.0,0
165.33984,17.59161,91.0,246.0,164.0,144.0,188.0,0.0,0.03167724609375,6.155081438191425,0,0.0,0
172.88873,17.466166,101.0,252.0,172.0,151.0,195.0,0.0,0.0594482421875,6.155670413324839,0,0.0,0
171.90405,17.858328,89.0,248.0,172.0,150.0,193.0,0.0,0.05035400390625,6.1860780169618685,0,0.0,0
170.88086,17.925758,103.0,250.0,170.0,149.0,193.0,0.0,0.0491943359375,6.193159752050555,0,0.0,0
169.98462,19.474756,91.0,245.0,170.0,145.0,194.0,0.0,0.05389404296875,6.317001055754215,33,0.00201416015625,0
166.2561,18.766039,84.0,243.0,166.0,143.0,190.0,0.0,0.031494140625,6.266257585551919,0,0.0,0
163.88605,18.954329,90.0,243.0,164.0,140.0,187.0,0.0,0.02764892578125,6.28234248562135,0,0.0,0
165.70618,19.066195,83.0,243.0,165.0,142.0,190.0,0.0,0.0355224609375,6.288860104253558,0,0.0,0
173.81104,18.708237,104.0,250.0,174.0,150.0,197.0,0.0,0.07440185546875,6.263283766150494,0,0.0,0
172.40521,18.634718,89.0,249.0,173.0,149.0,196.0,0.0,0.06158447265625,6.256961729441254,0,0.0,0
173.36823,17.768465,110.0,248.0,173.0,151.0,196.0,0.0,0.06329345703125,6.186444665482684,0,0.0,0
160.5346,18.701344,75.0,244.0,161.0,137.0,183.0,0.0,0.02288818359375,6.250866953781841,0,0.0,0
160.37024,18.357925,86.0,248.0,160.0,138.0,183.0,0.0,0.02178955078125,6.218788256276358,0,0.0,0
161.05157,18.464624,79.0,247.0,161.0,138.0,183.0,0.0,0.0205078125,6.232472776400884,0,0.0,0
174.11969,16.45949,99.0,253.0,174.0,154.0,194.0,0.0,0.0546875,6.063761138227782,0,0.0,0
177.00677,16.709328,100.0,252.0,177.0,157.0,198.0,0.0,0.0794677734375,6.085348088660312,0,0.0,0
170.00397,17.694925,90.0,251.0,169.0,149.0,191.0,0.0,0.04803466796875,6.162625698164975,0,0.0,0
170.14563,17.648329,95.0,251.0,170.0,149.0,192.0,0.0,0.04638671875,6.160916172977833,0,0.0,0
170.86627,17.108084,90.0,253.0,170.0,150.0,192.0,0.0,0.04742431640625,6.11575150736957,0,0.0,0
170.83691,17.604927,96.0,252.0,170.0,150.0,192.0,0.0,0.050537109375,6.15657019098866,0,0.0,0
167.01257,17.482033,88.0,246.0,167.0,146.0,189.0,0.0,0.0350341796875,6.145740896337156,0,0.0,0
165.13672,17.661648,90.0,248.0,165.0,144.0,187.0,0.0,0.0302734375,6.16414159639279,0,0.0,0
